OID_,NA_L1CODE,Burnable_Km2,Unburnable_Km2,Total_Px_Area,NA_L1NAME
1,10,1112553.508499999996275,211200.485399999975925,1323753.993900000117719,NORTH AMERICAN DESERTS
2,11,125175.277799999996205,39831.029099999999744,165006.306899999995949,MEDITERRANEAN CALIFORNIA
3,12,41435.412299999996321,1498.022099999999909,42933.434400000005553,SOUTHERN SEMIARID HIGHLANDS
4,13,105082.069499999997788,3547.095299999999952,108629.164799999998650,TEMPERATE SIERRAS
5,6,756591.264899999951012,57597.269399999997404,814188.534299999941140,NORTHWESTERN FORESTED MOUNTAINS
6,7,74511.162899999995716,11680.183799999998882,86191.346699999994598,MARINE WEST COAST FOREST
7,9,458594.800199999997858,73062.348299999997835,531657.148500000010245,GREAT PLAINS
